-- phpMyAdmin SQL Dump
-- version 4.8.2
-- https://www.phpmyadmin.net/
--
-- Hôte : localhost:3306
-- Généré le :  mar. 21 août 2018 à 03:41
-- Version du serveur :  5.7.23
-- Version de PHP :  7.1.20

SET SQL_MODE = "NO_AUTO_VALUE_ON_ZERO";
SET AUTOCOMMIT = 0;
START TRANSACTION;
SET time_zone = "+00:00";


/*!40101 SET @OLD_CHARACTER_SET_CLIENT=@@CHARACTER_SET_CLIENT */;
/*!40101 SET @OLD_CHARACTER_SET_RESULTS=@@CHARACTER_SET_RESULTS */;
/*!40101 SET @OLD_COLLATION_CONNECTION=@@COLLATION_CONNECTION */;
/*!40101 SET NAMES utf8mb4 */;

--
-- Base de données :  `camagru`
--

-- --------------------------------------------------------

--
-- Structure de la table `likes`
--

CREATE TABLE `likes` (
  `id_like` int(4) NOT NULL,
  `date` timestamp NOT NULL DEFAULT CURRENT_TIMESTAMP,
  `id_photo` int(11) NOT NULL,
  `id_user` int(11) NOT NULL
) ENGINE=InnoDB DEFAULT CHARSET=utf8;

--
-- Déchargement des données de la table `likes`
--

INSERT INTO `likes` (`id_like`, `date`, `id_photo`, `id_user`) VALUES
(11, '2018-08-21 07:18:08', 246, 2),
(15, '2018-08-21 07:22:31', 249, 2),
(16, '2018-08-21 07:28:09', 249, 2),
(17, '2018-08-21 07:28:38', 249, 2),
(18, '2018-08-21 07:54:24', 249, 2),
(19, '2018-08-21 08:06:44', 247, 2),
(20, '2018-08-21 08:08:19', 247, 2),
(21, '2018-08-21 08:08:46', 247, 2),
(22, '2018-08-21 08:09:57', 247, 2),
(23, '2018-08-21 08:10:40', 247, 2),
(24, '2018-08-21 08:11:12', 247, 2),
(25, '2018-08-21 08:11:22', 247, 2),
(26, '2018-08-21 08:22:17', 251, 2),
(27, '2018-08-21 08:23:28', 251, 2),
(28, '2018-08-21 08:30:18', 252, 2);

-- --------------------------------------------------------

--
-- Structure de la table `photos`
--

CREATE TABLE `photos` (
  `photo_id` int(3) NOT NULL,
  `user_id` varchar(20) NOT NULL,
  `link` varchar(2083) NOT NULL,
  `date` timestamp NOT NULL DEFAULT CURRENT_TIMESTAMP
) ENGINE=InnoDB DEFAULT CHARSET=utf8;

--
-- Déchargement des données de la table `photos`
--

INSERT INTO `photos` (`photo_id`, `user_id`, `link`, `date`) VALUES
(1, '2', 'http://www.observatoire-biodiversite-centre.fr/sites/default/files/Acer%20campestre%20EVallez_1%20CBNB.png', '2018-08-12 13:23:46'),
(2, '1', 'http://www.arbresetpassion.com/wp-content/uploads/fertilisation1.jpg', '2018-08-12 13:23:46'),
(3, '2', 'http://www.observatoire-biodiversite-centre.fr/sites/default/files/Acer%20campestre%20EVallez_1%20CBNB.png', '2018-08-12 13:23:46'),
(4, '2', 'http://www.observatoire-biodiversite-centre.fr/sites/default/files/Acer%20campestre%20EVallez_1%20CBNB.png', '2018-08-12 13:23:46'),
(5, '2', 'http://www.observatoire-biodiversite-centre.fr/sites/default/files/Acer%20campestre%20EVallez_1%20CBNB.png', '2018-08-12 13:23:46'),
(6, '2', 'http://www.observatoire-biodiversite-centre.fr/sites/default/files/Acer%20campestre%20EVallez_1%20CBNB.png', '2018-08-12 13:23:46'),
(7, '1', 'http://www.arbresetpassion.com/wp-content/uploads/fertilisation1.jpg', '2018-08-12 13:23:46'),
(8, '1', 'http://www.arbresetpassion.com/wp-content/uploads/fertilisation1.jpg', '2018-08-12 13:23:46'),
(9, '1', 'public/upload/20180816094212.png', '2018-08-16 07:42:12'),
(10, '1', 'public/upload/20180816094233.png', '2018-08-16 07:42:33'),
(11, '1', 'public/upload/20180816094331.png', '2018-08-16 07:43:31'),
(12, '1', 'public/upload/20180816094352.png', '2018-08-16 07:43:52'),
(13, '1', 'public/upload/20180816094423.png', '2018-08-16 07:44:23'),
(14, '1', 'public/upload/20180816095041.png', '2018-08-16 07:50:41'),
(15, '1', 'public/upload/20180816095116.png', '2018-08-16 07:51:16'),
(16, '1', 'public/upload/20180816095202.png', '2018-08-16 07:52:02'),
(17, '1', 'public/upload/20180816095245.png', '2018-08-16 07:52:45'),
(18, '1', 'public/upload/20180816095305.png', '2018-08-16 07:53:05'),
(19, '1', 'public/upload/20180816095440.png', '2018-08-16 07:54:40'),
(20, '1', 'public/upload/20180816095456.png', '2018-08-16 07:54:56'),
(21, '1', 'public/upload/20180816095541.png', '2018-08-16 07:55:41'),
(22, '1', 'public/upload/20180816095624.png', '2018-08-16 07:56:24'),
(23, '1', 'public/upload/20180816095720.png', '2018-08-16 07:57:20'),
(24, '1', 'public/upload/20180816111548.png', '2018-08-16 09:15:48'),
(25, '1', 'public/upload/20180816111911.png', '2018-08-16 09:19:12'),
(26, '1', 'public/upload/20180816112949.png', '2018-08-16 09:29:49'),
(27, '1', 'public/upload/20180816113002.png', '2018-08-16 09:30:02'),
(28, '1', 'public/upload/20180816113051.png', '2018-08-16 09:30:51'),
(29, '1', 'public/upload/20180816113102.png', '2018-08-16 09:31:02'),
(30, '1', 'public/upload/20180816113129.png', '2018-08-16 09:31:29'),
(31, '1', 'public/upload/20180816113230.png', '2018-08-16 09:32:30'),
(32, '1', 'public/upload/20180816113359.png', '2018-08-16 09:33:59'),
(33, '1', 'public/upload/20180816113404.png', '2018-08-16 09:34:04'),
(34, '1', 'public/upload/20180816113455.png', '2018-08-16 09:34:55'),
(35, '1', 'public/upload/20180816113501.png', '2018-08-16 09:35:01'),
(36, '1', 'public/upload/20180816113543.png', '2018-08-16 09:35:43'),
(37, '1', 'public/upload/20180816113805.png', '2018-08-16 09:38:05'),
(38, '1', 'public/upload/20180816113820.png', '2018-08-16 09:38:21'),
(39, '1', 'public/upload/20180816113826.png', '2018-08-16 09:38:26'),
(40, '1', 'public/upload/20180816113920.png', '2018-08-16 09:39:20'),
(41, '1', 'public/upload/20180816113926.png', '2018-08-16 09:39:26'),
(42, '1', 'public/upload/20180816114036.png', '2018-08-16 09:40:37'),
(43, '1', 'public/upload/20180816114041.png', '2018-08-16 09:40:42'),
(44, '1', 'public/upload/20180816114124.png', '2018-08-16 09:41:24'),
(45, '1', 'public/upload/20180816114146.png', '2018-08-16 09:41:46'),
(46, '1', 'public/upload/20180816114247.png', '2018-08-16 09:42:47'),
(47, '1', 'public/upload/20180816114259.png', '2018-08-16 09:42:59'),
(48, '1', 'public/upload/20180816114353.png', '2018-08-16 09:43:53'),
(49, '1', 'public/upload/20180816114527.png', '2018-08-16 09:45:27'),
(50, '1', 'public/upload/20180816120649.png', '2018-08-16 10:06:50'),
(51, '1', 'public/upload/20180816120711.png', '2018-08-16 10:07:11'),
(52, '1', 'public/upload/20180816131434.png', '2018-08-16 11:14:34'),
(53, '1', 'public/upload/20180816131511.png', '2018-08-16 11:15:12'),
(54, '1', 'public/upload/20180816131526.png', '2018-08-16 11:15:26'),
(55, '1', 'public/upload/20180816131534.png', '2018-08-16 11:15:34'),
(56, '1', 'public/upload/20180816131601.png', '2018-08-16 11:16:01'),
(57, '1', 'public/upload/20180816131720.png', '2018-08-16 11:17:21'),
(58, '1', 'public/upload/20180816131817.png', '2018-08-16 11:18:18'),
(59, '1', 'public/upload/20180816132704.png', '2018-08-16 11:27:05'),
(60, '1', 'public/upload/20180816132806.png', '2018-08-16 11:28:07'),
(61, '1', 'public/upload/20180816132911.png', '2018-08-16 11:29:11'),
(62, '1', 'public/upload/20180816140321.png', '2018-08-16 12:03:21'),
(63, '1', 'public/upload/20180816140558.png', '2018-08-16 12:05:58'),
(64, '1', 'public/upload/20180816140641.png', '2018-08-16 12:06:41'),
(65, '1', 'public/upload/20180816140827.png', '2018-08-16 12:08:27'),
(66, '1', 'public/upload/20180816141006.png', '2018-08-16 12:10:07'),
(67, '1', 'public/upload/20180816141755.png', '2018-08-16 12:17:55'),
(68, '1', 'public/upload/20180816141859.png', '2018-08-16 12:18:59'),
(69, '1', 'public/upload/20180816142206.png', '2018-08-16 12:22:06'),
(70, '1', 'public/upload/20180816142215.png', '2018-08-16 12:22:16'),
(71, '1', 'public/upload/20180816142424.png', '2018-08-16 12:24:24'),
(72, '1', 'public/upload/20180816142430.png', '2018-08-16 12:24:31'),
(73, '1', 'public/upload/20180816142539.png', '2018-08-16 12:25:39'),
(74, '1', 'public/upload/20180816142656.png', '2018-08-16 12:26:56'),
(75, '1', 'public/upload/20180816142744.png', '2018-08-16 12:27:45'),
(76, '1', 'public/upload/20180816142759.png', '2018-08-16 12:28:00'),
(77, '1', 'public/upload/20180816142823.png', '2018-08-16 12:28:24'),
(78, '1', 'public/upload/20180816142825.png', '2018-08-16 12:28:26'),
(79, '1', 'public/upload/20180816142843.png', '2018-08-16 12:28:44'),
(80, '1', 'public/upload/20180816142924.png', '2018-08-16 12:29:24'),
(81, '1', 'public/upload/20180816143058.png', '2018-08-16 12:30:59'),
(82, '1', 'public/upload/20180816143141.png', '2018-08-16 12:31:42'),
(83, '1', 'public/upload/20180816143214.png', '2018-08-16 12:32:14'),
(84, '1', 'public/upload/20180816143233.png', '2018-08-16 12:32:33'),
(85, '1', 'public/upload/20180816143310.png', '2018-08-16 12:33:10'),
(86, '1', 'public/upload/20180816143348.png', '2018-08-16 12:33:49'),
(87, '1', 'public/upload/20180816143414.png', '2018-08-16 12:34:14'),
(88, '1', 'public/upload/20180816144505.png', '2018-08-16 12:45:05'),
(89, '1', 'public/upload/20180816151506.png', '2018-08-16 13:15:06'),
(90, '1', 'public/upload/20180816151625.png', '2018-08-16 13:16:25'),
(91, '1', 'public/upload/20180816151700.png', '2018-08-16 13:17:00'),
(92, '1', 'public/upload/20180816151804.png', '2018-08-16 13:18:04'),
(93, '1', 'public/upload/20180816151935.png', '2018-08-16 13:19:35'),
(94, '1', 'public/upload/20180816152126.png', '2018-08-16 13:21:26'),
(95, '1', 'public/upload/20180816152218.png', '2018-08-16 13:22:19'),
(96, '1', 'public/upload/20180816152230.png', '2018-08-16 13:22:30'),
(97, '1', 'public/upload/20180816152324.png', '2018-08-16 13:23:24'),
(98, '1', 'public/upload/20180816152416.png', '2018-08-16 13:24:16'),
(99, '1', 'public/upload/20180816152442.png', '2018-08-16 13:24:42'),
(100, '1', 'public/upload/20180816152517.png', '2018-08-16 13:25:18'),
(101, '1', 'public/upload/20180816152634.png', '2018-08-16 13:26:35'),
(102, '1', 'public/upload/20180816152651.png', '2018-08-16 13:26:51'),
(103, '1', 'public/upload/20180816152809.png', '2018-08-16 13:28:09'),
(104, '1', 'public/upload/20180816152824.png', '2018-08-16 13:28:24'),
(105, '1', 'public/upload/20180816152834.png', '2018-08-16 13:28:35'),
(106, '1', 'public/upload/20180816152856.png', '2018-08-16 13:28:56'),
(107, '1', 'public/upload/20180816152910.png', '2018-08-16 13:29:10'),
(108, '1', 'public/upload/20180816153246.png', '2018-08-16 13:32:46'),
(109, '1', 'public/upload/20180816153253.png', '2018-08-16 13:32:53'),
(110, '1', 'public/upload/20180816153322.png', '2018-08-16 13:33:22'),
(111, '1', 'public/upload/20180816153433.png', '2018-08-16 13:34:33'),
(112, '1', 'public/upload/20180816153624.png', '2018-08-16 13:36:24'),
(113, '1', 'public/upload/20180816153736.png', '2018-08-16 13:37:37'),
(114, '1', 'public/upload/20180816154124.png', '2018-08-16 13:41:24'),
(115, '1', 'public/upload/20180816154523.png', '2018-08-16 13:45:24'),
(116, '1', 'public/upload/20180816154622.png', '2018-08-16 13:46:22'),
(117, '1', 'public/upload/20180816154749.png', '2018-08-16 13:47:50'),
(118, '1', 'public/upload/20180816154915.png', '2018-08-16 13:49:16'),
(119, '1', 'public/upload/20180816160330.png', '2018-08-16 14:03:31'),
(120, '1', 'public/upload/20180816160433.png', '2018-08-16 14:04:33'),
(121, '1', 'public/upload/20180816160454.png', '2018-08-16 14:04:55'),
(122, '1', 'public/upload/20180816160531.png', '2018-08-16 14:05:32'),
(123, '1', 'public/upload/20180816160555.png', '2018-08-16 14:05:55'),
(124, '1', 'public/upload/20180816160557.png', '2018-08-16 14:05:57'),
(125, '1', 'public/upload/20180816160714.png', '2018-08-16 14:07:14'),
(126, '1', 'public/upload/20180816160746.png', '2018-08-16 14:07:47'),
(127, '1', 'public/upload/20180816160815.png', '2018-08-16 14:08:15'),
(128, '1', 'public/upload/20180816160908.png', '2018-08-16 14:09:08'),
(129, '1', 'public/upload/20180816160913.png', '2018-08-16 14:09:14'),
(130, '1', 'public/upload/20180816160931.png', '2018-08-16 14:09:32'),
(131, '1', 'public/upload/20180816160944.png', '2018-08-16 14:09:45'),
(132, '1', 'public/upload/20180816161148.png', '2018-08-16 14:11:48'),
(133, '1', 'public/upload/20180816161503.png', '2018-08-16 14:15:04'),
(134, '1', 'public/upload/20180816161505.png', '2018-08-16 14:15:05'),
(135, '1', 'public/upload/20180816161551.png', '2018-08-16 14:15:52'),
(136, '1', 'public/upload/20180816161630.png', '2018-08-16 14:16:30'),
(137, '1', 'public/upload/20180816161759.png', '2018-08-16 14:18:00'),
(138, '1', 'public/upload/20180816161947.png', '2018-08-16 14:19:47'),
(139, '1', 'public/upload/20180816162029.png', '2018-08-16 14:20:30'),
(140, '1', 'public/upload/20180816162054.png', '2018-08-16 14:20:55'),
(141, '1', 'public/upload/20180816162058.png', '2018-08-16 14:20:59'),
(142, '1', 'public/upload/20180816162459.png', '2018-08-16 14:24:59'),
(143, '1', 'public/upload/20180816163006.png', '2018-08-16 14:30:06'),
(144, '1', 'public/upload/20180816163014.png', '2018-08-16 14:30:15'),
(145, '1', 'public/upload/20180816163115.png', '2018-08-16 14:31:15'),
(146, '1', 'public/upload/20180816163152.png', '2018-08-16 14:31:53'),
(147, '1', 'public/upload/20180816163216.png', '2018-08-16 14:32:17'),
(148, '1', 'public/upload/20180816163238.png', '2018-08-16 14:32:39'),
(149, '1', 'public/upload/20180816163255.png', '2018-08-16 14:32:55'),
(150, '1', 'public/upload/20180816163301.png', '2018-08-16 14:33:01'),
(151, '1', 'public/upload/20180816163313.png', '2018-08-16 14:33:13'),
(152, '1', 'public/upload/20180816163335.png', '2018-08-16 14:33:36'),
(153, '1', 'public/upload/20180816163342.png', '2018-08-16 14:33:42'),
(154, '1', 'public/upload/20180816163357.png', '2018-08-16 14:33:57'),
(155, '1', 'public/upload/20180816163439.png', '2018-08-16 14:34:40'),
(156, '1', 'public/upload/20180816163442.png', '2018-08-16 14:34:43'),
(157, '1', 'public/upload/20180816163458.png', '2018-08-16 14:34:59'),
(158, '1', 'public/upload/20180816163523.png', '2018-08-16 14:35:24'),
(159, '1', 'public/upload/20180816163558.png', '2018-08-16 14:35:59'),
(160, '1', 'public/upload/20180816163637.png', '2018-08-16 14:36:38'),
(161, '1', 'public/upload/20180816163655.png', '2018-08-16 14:36:55'),
(162, '1', 'public/upload/20180816163739.png', '2018-08-16 14:37:40'),
(163, '1', 'public/upload/20180816163800.png', '2018-08-16 14:38:01'),
(164, '1', 'public/upload/20180816164006.png', '2018-08-16 14:40:06'),
(165, '1', 'public/upload/20180816164232.png', '2018-08-16 14:42:33'),
(166, '1', 'public/upload/20180816164245.png', '2018-08-16 14:42:46'),
(167, '1', 'public/upload/20180816164257.png', '2018-08-16 14:42:58'),
(168, '1', 'public/upload/20180816164310.png', '2018-08-16 14:43:11'),
(169, '1', 'public/upload/20180816164315.png', '2018-08-16 14:43:16'),
(170, '1', 'public/upload/20180816164416.png', '2018-08-16 14:44:17'),
(171, '1', 'public/upload/20180816164521.png', '2018-08-16 14:45:21'),
(172, '1', 'public/upload/20180817103916.png', '2018-08-17 08:39:17'),
(173, '1', 'public/upload/20180817103940.png', '2018-08-17 08:39:40'),
(174, '1', 'public/upload/20180817111959.png', '2018-08-17 09:19:59'),
(175, '1', 'public/upload/20180817112010.png', '2018-08-17 09:20:10'),
(176, '1', 'public/upload/20180817112151.png', '2018-08-17 09:21:51'),
(177, '1', 'public/upload/20180817112223.png', '2018-08-17 09:22:23'),
(178, '1', 'public/upload/20180817112224.png', '2018-08-17 09:22:25'),
(179, '1', 'public/upload/20180817112236.png', '2018-08-17 09:22:36'),
(180, '1', 'public/upload/20180817112247.png', '2018-08-17 09:22:47'),
(181, '1', 'public/upload/20180817112600.png', '2018-08-17 09:26:00'),
(182, '1', 'public/upload/20180817112601.png', '2018-08-17 09:26:02'),
(183, '1', 'public/upload/20180817112655.png', '2018-08-17 09:26:56'),
(184, '1', 'public/upload/20180817112938.png', '2018-08-17 09:29:39'),
(185, '1', 'public/upload/20180817112955.png', '2018-08-17 09:30:14'),
(186, '1', 'public/upload/20180817113013.png', '2018-08-17 09:30:14'),
(187, '1', 'public/upload/20180817113054.png', '2018-08-17 09:30:54'),
(188, '1', 'public/upload/20180817113125.png', '2018-08-17 09:31:26'),
(189, '1', 'public/upload/20180817113135.png', '2018-08-17 09:31:35'),
(190, '1', 'public/upload/20180817113202.png', '2018-08-17 09:32:03'),
(191, '1', 'public/upload/20180817113239.png', '2018-08-17 09:32:40'),
(192, '1', 'public/upload/20180817113310.png', '2018-08-17 09:33:11'),
(193, '1', 'public/upload/20180817113329.png', '2018-08-17 09:33:29'),
(194, '1', 'public/upload/20180817113346.png', '2018-08-17 09:33:46'),
(195, '1', 'public/upload/20180817113352.png', '2018-08-17 09:33:53'),
(196, '1', 'public/upload/20180817113400.png', '2018-08-17 09:34:00'),
(197, '1', 'public/upload/20180817113405.png', '2018-08-17 09:34:05'),
(198, '1', 'public/upload/20180817113525.png', '2018-08-17 09:35:26'),
(199, '1', 'public/upload/20180817113847.png', '2018-08-17 09:38:48'),
(200, '1', 'public/upload/20180817113958.png', '2018-08-17 09:39:59'),
(201, '1', 'public/upload/20180817114032.png', '2018-08-17 09:40:33'),
(202, '1', 'public/upload/20180817114106.png', '2018-08-17 09:41:07'),
(203, '1', 'public/upload/20180817114157.png', '2018-08-17 09:41:58'),
(204, '1', 'public/upload/20180817114252.png', '2018-08-17 09:42:52'),
(205, '1', 'public/upload/20180817114927.png', '2018-08-17 09:49:28'),
(206, '1', 'public/upload/20180817115006.png', '2018-08-17 09:50:07'),
(207, '1', 'public/upload/20180817115019.png', '2018-08-17 09:50:20'),
(208, '1', 'public/upload/20180817115032.png', '2018-08-17 09:50:32'),
(209, '1', 'public/upload/20180817115510.png', '2018-08-17 09:55:10'),
(210, '1', 'public/upload/20180817115529.png', '2018-08-17 09:55:30'),
(211, '1', 'public/upload/20180817115553.png', '2018-08-17 09:55:53'),
(212, '1', 'public/upload/20180817115606.png', '2018-08-17 09:56:07'),
(213, '1', 'public/upload/20180817115901.png', '2018-08-17 09:59:01'),
(214, '1', 'public/upload/20180817115905.png', '2018-08-17 09:59:05'),
(215, '1', 'public/upload/20180817115907.png', '2018-08-17 09:59:08'),
(216, '1', 'public/upload/20180817115941.png', '2018-08-17 09:59:41'),
(217, '1', 'public/upload/20180817115953.png', '2018-08-17 09:59:54'),
(218, '1', 'public/upload/20180817115956.png', '2018-08-17 09:59:56'),
(219, '1', 'public/upload/20180817120015.png', '2018-08-17 10:00:16'),
(220, '1', 'public/upload/20180817125029.png', '2018-08-17 10:50:29'),
(221, '1', 'public/upload/20180817125108.png', '2018-08-17 10:51:09'),
(222, '1', 'public/upload/20180817125132.png', '2018-08-17 10:51:33'),
(223, '1', 'public/upload/20180817125152.png', '2018-08-17 10:51:52'),
(224, '1', 'public/upload/20180817125206.png', '2018-08-17 10:52:07'),
(225, '1', 'public/upload/20180817125306.png', '2018-08-17 10:53:07'),
(226, '1', 'public/upload/20180817125324.png', '2018-08-17 10:53:25'),
(227, '1', 'public/upload/20180817125327.png', '2018-08-17 10:53:27'),
(228, '1', 'public/upload/20180817125351.png', '2018-08-17 10:53:52'),
(229, '1', 'public/upload/20180817125358.png', '2018-08-17 10:53:59'),
(230, '1', 'public/upload/20180817125426.png', '2018-08-17 10:54:27'),
(231, '1', 'public/upload/20180817125441.png', '2018-08-17 10:54:42'),
(232, '1', 'public/upload/20180817125459.png', '2018-08-17 10:55:00'),
(233, '1', 'public/upload/20180817125516.png', '2018-08-17 10:55:17'),
(234, '1', 'public/upload/20180817125526.png', '2018-08-17 10:55:26'),
(235, '1', 'public/upload/20180817125551.png', '2018-08-17 10:55:52'),
(236, '1', 'public/upload/20180817125621.png', '2018-08-17 10:56:21'),
(237, '1', 'public/upload/20180817130422.png', '2018-08-17 11:04:23'),
(238, '1', 'public/upload/20180817135928.png', '2018-08-17 11:59:29'),
(239, '1', 'public/upload/20180817140134.png', '2018-08-17 12:01:35'),
(240, '1', 'public/upload/20180817151950.png', '2018-08-17 13:19:50'),
(241, '1', 'public/upload/20180817152052.png', '2018-08-17 13:20:52'),
(242, '5', '6c2e3d1212df577', '2018-08-20 07:29:24'),
(243, '1', 'public/upload/20180820133925.png', '2018-08-20 11:39:26'),
(244, '2', 'public/upload/20180820134259.png', '2018-08-20 11:43:00'),
(245, '2', 'public/upload/20180820144530.png', '2018-08-20 12:45:31'),
(246, '2', 'public/upload/20180820144637.png', '2018-08-20 12:46:37'),
(247, '2', 'public/upload/20180820145827.png', '2018-08-20 12:58:27'),
(248, '2', 'public/upload/20180820164033.png', '2018-08-20 14:40:33'),
(249, '2', 'public/upload/20180821092045.png', '2018-08-21 07:20:46'),
(250, '2', 'public/upload/20180821100459.png', '2018-08-21 08:05:00'),
(251, '2', 'public/upload/20180821100507.png', '2018-08-21 08:05:07'),
(252, '2', 'public/upload/20180821100527.png', '2018-08-21 08:05:28'),
(253, '2', 'public/upload/20180821102931.png', '2018-08-21 08:29:32'),
(254, '2', 'public/upload/20180821113448.png', '2018-08-21 09:34:48'),
(255, '2', 'public/upload/20180821113505.png', '2018-08-21 09:35:06');

-- --------------------------------------------------------

--
-- Structure de la table `users`
--

CREATE TABLE `users` (
  `user_id` int(11) NOT NULL,
  `fullname` text NOT NULL,
  `mail` text NOT NULL,
  `login` text NOT NULL,
  `password` text NOT NULL,
  `active` int(2) NOT NULL,
  `code` varchar(128) NOT NULL
) ENGINE=InnoDB DEFAULT CHARSET=utf8;

--
-- Déchargement des données de la table `users`
--

INSERT INTO `users` (`user_id`, `fullname`, `mail`, `login`, `password`, `active`, `code`) VALUES
(1, 'Roger Moore', 'trestan.mervin@gmail.com', 'rmoore', '6852e42f621c64cfed477598730ddab0dcc8fd9e6647bb0e29a15b845d87125e796fa9ee718fb53845825e44be1d1d9c08cfe4ede3cf32b8c49a4711b87a8221', 1, '4e72a7a3de7e250'),
(2, 'Xavier Niel', 'trestan.mervin@gmail.com', 'xniel', '21d5cb651222c347ea1284c0acf162000b4d3e34766f0d00312e3480f633088822809b6a54ba7edfa17e8fcb5713f8912ee3a218dd98d88c38bbf611b1b1ed2b', 1, '006da0082372b73'),
(3, 'Salut', 'trestan.mervin@gmail.com', '1234', '21d5cb651222c347ea1284c0acf162000b4d3e34766f0d00312e3480f633088822809b6a54ba7edfa17e8fcb5713f8912ee3a218dd98d88c38bbf611b1b1ed2b', 0, 'd30dbb4a98a8cd3'),
(4, 'weewq', 'trestan.mervin@gmail.com', 'Pok', 'f2541c83b369b82e8047f044dfa8a80f334549061a2b8bacffc78e19867ddeaf959cf77c7b7bba28186069525c2cffa436e671572c7e60e08e33bcc5f0beefcd', 0, 'c7703d29d191380'),
(5, 'Takeshi', 'trestan.mervin@gmail.com', 'tkitano', '21d5cb651222c347ea1284c0acf162000b4d3e34766f0d00312e3480f633088822809b6a54ba7edfa17e8fcb5713f8912ee3a218dd98d88c38bbf611b1b1ed2b', 1, '892fa05482c67d9'),
(6, 'Takesh', 'trestan.mervin@gmail.com', 'tkitano', '21d5cb651222c347ea1284c0acf162000b4d3e34766f0d00312e3480f633088822809b6a54ba7edfa17e8fcb5713f8912ee3a218dd98d88c38bbf611b1b1ed2b', 0, '477230fc038bcff'),
(7, 'Denis Bouanga', 'trestan.mervin@gmail.com', 'dbouanga', '21d5cb651222c347ea1284c0acf162000b4d3e34766f0d00312e3480f633088822809b6a54ba7edfa17e8fcb5713f8912ee3a218dd98d88c38bbf611b1b1ed2b', 0, '940ca9981179031'),
(8, 'Jean Michel', 'trestan.mervin@gmail.com', 'jmichel', '21d5cb651222c347ea1284c0acf162000b4d3e34766f0d00312e3480f633088822809b6a54ba7edfa17e8fcb5713f8912ee3a218dd98d88c38bbf611b1b1ed2b', 0, '5822af80675fd76'),
(9, 'Taule Didier', 'trestan.mervin@gmail.com', 'tdidier', '21d5cb651222c347ea1284c0acf162000b4d3e34766f0d00312e3480f633088822809b6a54ba7edfa17e8fcb5713f8912ee3a218dd98d88c38bbf611b1b1ed2b', 0, 'fcb33d12f17dcb5');

--
-- Index pour les tables déchargées
--

--
-- Index pour la table `likes`
--
ALTER TABLE `likes`
  ADD PRIMARY KEY (`id_like`);

--
-- Index pour la table `photos`
--
ALTER TABLE `photos`
  ADD PRIMARY KEY (`photo_id`);

--
-- Index pour la table `users`
--
ALTER TABLE `users`
  ADD PRIMARY KEY (`user_id`);

--
-- AUTO_INCREMENT pour les tables déchargées
--

--
-- AUTO_INCREMENT pour la table `likes`
--
ALTER TABLE `likes`
  MODIFY `id_like` int(4) NOT NULL AUTO_INCREMENT, AUTO_INCREMENT=29;

--
-- AUTO_INCREMENT pour la table `photos`
--
ALTER TABLE `photos`
  MODIFY `photo_id` int(3) NOT NULL AUTO_INCREMENT, AUTO_INCREMENT=256;

--
-- AUTO_INCREMENT pour la table `users`
--
ALTER TABLE `users`
  MODIFY `user_id` int(11) NOT NULL AUTO_INCREMENT, AUTO_INCREMENT=10;
COMMIT;

/*!40101 SET CHARACTER_SET_CLIENT=@OLD_CHARACTER_SET_CLIENT */;
/*!40101 SET CHARACTER_SET_RESULTS=@OLD_CHARACTER_SET_RESULTS */;
/*!40101 SET COLLATION_CONNECTION=@OLD_COLLATION_CONNECTION */;
